<ButtonDesc class="ButtonDesc">
<pressedDesc>
<background class="SolidSurfaceDesc">
<color>
<r>0.0</r>
<g>0.2</g>
<b>0.8</b>
<a>1</a>
</color>
<RenderDesc>
<Object>
<objectName></objectName>
<className>SolidSurfaceDesc</className>
</Object>
</RenderDesc>
</background>
<border class="RectangleDesc">
<color1>
<r>0.6</r>
<g>0.6</g>
<b>0.0</b>
<a>1.0</a>
</color1>
<color2>
<r>0.2</r>
<g>0.2</g>
<b>0</b>
<a>0.6</a>
</color2>
<style>dropped</style>
<lineWidth>1</lineWidth>
<RenderDesc>
<Object>
<objectName></objectName>
<className>RectangleDesc</className>
</Object>
</RenderDesc>
</border>
<textDesc class="TextDesc">
<fileName>simkai.ttf</fileName>
<pixelHeight>9</pixelHeight>
<xOffset>0</xOffset>
<yOffset>0</yOffset>
<margin>3</margin>
<color>
<r>0.8</r>
<g>0.8</g>
<b>0.3</b>
<a>0.9</a>
</color>
<isMultiLine>false</isMultiLine>
<horizontalAlignment>hCenter</horizontalAlignment>
<verticalAlignment>vCenter</verticalAlignment>
<RenderDesc>
<Object>
<objectName></objectName>
<className>TextDesc</className>
</Object>
</RenderDesc>
</textDesc>
<RenderDesc>
<Object>
<objectName></objectName>
<className>RenderDesc</className>
</Object>
</RenderDesc>
</pressedDesc>
<releasedDesc>
<background class="SolidSurfaceDesc">
<color>
<r>0.05</r>
<g>0.15</g>
<b>0.65</b>
<a>0.7</a>
</color>
<RenderDesc>
<Object>
<objectName></objectName>
<className>SolidSurfaceDesc</className>
</Object>
</RenderDesc>
</background>
<border class="RectangleDesc">
<color1>
<r>1</r>
<g>0.6</g>
<b>0.8</b>
<a>0.5</a>
</color1>
<color2>
<r>0</r>
<g>0</g>
<b>0</b>
<a>0.5</a>
</color2>
<style>raised</style>
<lineWidth>1</lineWidth>
<RenderDesc>
<Object>
<objectName></objectName>
<className>RectangleDesc</className>
</Object>
</RenderDesc>
</border>
<textDesc class="TextDesc">
<fileName>simkai.ttf</fileName>
<pixelHeight>9</pixelHeight>
<xOffset>0</xOffset>
<yOffset>0</yOffset>
<margin>3</margin>
<color>
<r>0.6</r>
<g>0.3</g>
<b>1</b>
<a>0.8</a>
</color>
<isMultiLine>false</isMultiLine>
<horizontalAlignment>hCenter</horizontalAlignment>
<verticalAlignment>vCenter</verticalAlignment>
<RenderDesc>
<Object>
<objectName></objectName>
<className>TextDesc</className>
</Object>
</RenderDesc>
</textDesc>
<RenderDesc>
<Object>
<objectName></objectName>
<className>RenderDesc</className>
</Object>
</RenderDesc>
</releasedDesc>
<rollOverDesc>
<background class="SolidSurfaceDesc">
<color>
<r>0.75</r>
<g>0.75</g>
<b>0.00</b>
<a>1</a>
</color>
<RenderDesc>
<Object>
<objectName></objectName>
<className>SolidSurfaceDesc</className>
</Object>
</RenderDesc>
</background>
<border class="RectangleDesc">
<color1>
<r>1</r>
<g>0.2</g>
<b>0.4</b>
<a>0.5</a>
</color1>
<color2>
<r>0</r>
<g>0</g>
<b>0</b>
<a>0.5</a>
</color2>
<style>raised</style>
<lineWidth>1</lineWidth>
<RenderDesc>
<Object>
<objectName></objectName>
<className>RectangleDesc</className>
</Object>
</RenderDesc>
</border>
<textDesc class="TextDesc">
<fileName>simkai.ttf</fileName>
<pixelHeight>9</pixelHeight>
<xOffset>0</xOffset>
<yOffset>0</yOffset>
<margin>3</margin>
<color>
<r>1</r>
<g>0.3</g>
<b>1</b>
<a>0.75</a>
</color>
<isMultiLine>false</isMultiLine>
<horizontalAlignment>hCenter</horizontalAlignment>
<verticalAlignment>vCenter</verticalAlignment>
<RenderDesc>
<Object>
<objectName></objectName>
<className>TextDesc</className>
</Object>
</RenderDesc>
</textDesc>
<RenderDesc>
<Object>
<objectName></objectName>
<className>RenderDesc</className>
</Object>
</RenderDesc>
</rollOverDesc>
<rollOverOnDesc>
<background class="SolidSurfaceDesc">
<color>
<r>0.85</r>
<g>0.85</g>
<b>0.15</b>
<a>1</a>
</color>
<RenderDesc>
<Object>
<objectName></objectName>
<className>SolidSurfaceDesc</className>
</Object>
</RenderDesc>
</background>
<border class="RectangleDesc">
<color1>
<r>0.66</r>
<g>1</g>
<b>1</b>
<a>0.5</a>
</color1>
<color2>
<r>0</r>
<g>0</g>
<b>0</b>
<a>0.5</a>
</color2>
<style>dropped</style>
<lineWidth>1</lineWidth>
<RenderDesc>
<Object>
<objectName></objectName>
<className>RectangleDesc</className>
</Object>
</RenderDesc>
</border>
<textDesc class="TextDesc">
<fileName>simkai.ttf</fileName>
<pixelHeight>9</pixelHeight>
<xOffset>0</xOffset>
<yOffset>0</yOffset>
<margin>3</margin>
<color>
<r>1</r>
<g>1</g>
<b>1</b>
<a>0.75</a>
</color>
<isMultiLine>false</isMultiLine>
<horizontalAlignment>hCenter</horizontalAlignment>
<verticalAlignment>vCenter</verticalAlignment>
<RenderDesc>
<Object>
<objectName></objectName>
<className>TextDesc</className>
</Object>
</RenderDesc>
</textDesc>
<RenderDesc>
<Object>
<objectName></objectName>
<className>RenderDesc</className>
</Object>
</RenderDesc>
</rollOverOnDesc>
<RenderDesc>
<Object>
<objectName></objectName>
<className>BasicButtonDesc</className>
</Object>
</RenderDesc>
</ButtonDesc>