<frame class="FrameWindow">
    <isMovable>true</isMovable>
    <Client class="Panel">
        <Window>
            <text></text>
            <size>
                <x>140</x>
                <y>140</y>
            </size>
            <position>
                <x>30</x>
                <y>30</y>
            </position>
            <isVisible>true</isVisible>
            <isEnabled>true</isEnabled>
            <Object>
                <objectName></objectName>
                <className>Panel</className>
            </Object>
        </Window>
    </Client>
    <Window>
        <text>BGE GUI Test</text>
        <size>
            <x>200</x>
            <y>200</y>
        </size>
        <position>
            <x>0</x>
            <y>0</y>
        </position>
        <isVisible>true</isVisible>
        <isEnabled>true</isEnabled>
        <Object>
            <objectName></objectName>
            <className>FrameWindow</className>
        </Object>
    </Window>
</frame>
