<window class="FrameWindow">
    <isMovable>true</isMovable>
    <Client class="Panel">
        <Layout class="GridLayout">
            <border>
                <x>2</x>
                <y>2</y>
            </border>
            <columnWidths>
                <item>0</item>
            </columnWidths>
            <rowHeights>
                <item>48</item>
                <item>48</item>
                <item>48</item>
                <item>48</item>
                <item>48</item>
                <item>48</item>
            </rowHeights>
            <numCols>2</numCols>
            <numRows>6</numRows>
            <windows>
                <item>
                    <window class="Button">
                        <BasicButton>
                            <isToggleOn>false</isToggleOn>
                            <Window>
                                <text>24320,22987</text>
                                <size>
                                    <x>60</x>
                                    <y>40</y>
                                </size>
                                <position>
                                    <x>36</x>
                                    <y>36</y>
                                </position>
                                <isVisible>true</isVisible>
                                <isEnabled>true</isEnabled>
                                <Object>
                                    <objectName>button1</objectName>
                                    <className>Button</className>
                                </Object>
                            </Window>
                        </BasicButton>
                    </window>
                    <info class="GridCellInfo">
                        <horizontalSpan>1</horizontalSpan>
                        <verticalSpan>1</verticalSpan>
                        <columnIndex>0</columnIndex>
                        <rowIndex>0</rowIndex>
                        <LayoutInfo>
                            <objectName></objectName>
                            <className>GridCellInfo</className>
                        </LayoutInfo>
                    </info>
                </item>
                <item>
                    <window class="Button">
                        <BasicButton>
                            <isToggleOn>false</isToggleOn>
                            <Window>
                                <text>20445,23384</text>
                                <size>
                                    <x>60</x>
                                    <y>40</y>
                                </size>
                                <position>
                                    <x>104</x>
                                    <y>36</y>
                                </position>
                                <isVisible>true</isVisible>
                                <isEnabled>true</isEnabled>
                                <Object>
                                    <objectName>button2</objectName>
                                    <className>Button</className>
                                </Object>
                            </Window>
                        </BasicButton>
                    </window>
                    <info class="GridCellInfo">
                        <horizontalSpan>1</horizontalSpan>
                        <verticalSpan>1</verticalSpan>
                        <columnIndex>1</columnIndex>
                        <rowIndex>0</rowIndex>
                        <LayoutInfo>
                            <objectName></objectName>
                            <className>GridCellInfo</className>
                        </LayoutInfo>
                    </info>
                </item>
                <item>
                    <window class="Button">
                        <BasicButton>
                            <isToggleOn>false</isToggleOn>
                            <Window>
                                <text>25918,24323</text>
                                <size>
                                    <x>60</x>
                                    <y>40</y>
                                </size>
                                <position>
                                    <x>36</x>
                                    <y>84</y>
                                </position>
                                <isVisible>true</isVisible>
                                <isEnabled>true</isEnabled>
                                <Object>
                                    <objectName>button3</objectName>
                                    <className>Button</className>
                                </Object>
                            </Window>
                        </BasicButton>
                    </window>
                    <info class="GridCellInfo">
                        <horizontalSpan>1</horizontalSpan>
                        <verticalSpan>1</verticalSpan>
                        <columnIndex>0</columnIndex>
                        <rowIndex>1</rowIndex>
                        <LayoutInfo>
                            <objectName></objectName>
                            <className>GridCellInfo</className>
                        </LayoutInfo>
                    </info>
                </item>
                <item>
                    <window class="Button">
                        <BasicButton>
                            <isToggleOn>false</isToggleOn>
                            <Window>
                                <text>36733,20837</text>
                                <size>
                                    <x>60</x>
                                    <y>40</y>
                                </size>
                                <position>
                                    <x>104</x>
                                    <y>84</y>
                                </position>
                                <isVisible>true</isVisible>
                                <isEnabled>true</isEnabled>
                                <Object>
                                    <objectName>button4</objectName>
                                    <className>Button</className>
                                </Object>
                            </Window>
                        </BasicButton>
                    </window>
                    <info class="GridCellInfo">
                        <horizontalSpan>1</horizontalSpan>
                        <verticalSpan>1</verticalSpan>
                        <columnIndex>1</columnIndex>
                        <rowIndex>1</rowIndex>
                        <LayoutInfo>
                            <objectName></objectName>
                            <className>GridCellInfo</className>
                        </LayoutInfo>
                    </info>
                </item>
                <item>
                    <window class="EditField">
                        <caretPosition>5</caretPosition>
                        <selectionStart>-1</selectionStart>
                        <xOffset>0</xOffset>
                        <Window>
                            <text>21517,23558,22799,20399,28170</text>
                            <size>
                                <x>128</x>
                                <y>40</y>
                            </size>
                            <position>
                                <x>36</x>
                                <y>132</y>
                            </position>
                            <isVisible>true</isVisible>
                            <isEnabled>true</isEnabled>
                            <Object>
                                <objectName></objectName>
                                <className>EditField</className>
                            </Object>
                        </Window>
                    </window>
                    <info class="GridCellInfo">
                        <horizontalSpan>2</horizontalSpan>
                        <verticalSpan>1</verticalSpan>
                        <columnIndex>0</columnIndex>
                        <rowIndex>2</rowIndex>
                        <LayoutInfo>
                            <objectName></objectName>
                            <className>GridCellInfo</className>
                        </LayoutInfo>
                    </info>
                </item>
                <item>
                    <window class="Slider">
                        <orientation>horizontal</orientation>
                        <tickPlacement>below</tickPlacement>
                        <Slideable>
                            <value>0</value>
                            <minimum>0</minimum>
                            <maximum>255</maximum>
                            <blockIncrement>64</blockIncrement>
                            <unitIncrement>1</unitIncrement>
                            <Window>
                                <text></text>
                                <size>
                                    <x>128</x>
                                    <y>40</y>
                                </size>
                                <position>
                                    <x>36</x>
                                    <y>180</y>
                                </position>
                                <isVisible>true</isVisible>
                                <isEnabled>true</isEnabled>
                                <Object>
                                    <objectName></objectName>
                                    <className>Slider</className>
                                </Object>
                            </Window>
                        </Slideable>
                    </window>
                    <info class="GridCellInfo">
                        <horizontalSpan>2</horizontalSpan>
                        <verticalSpan>1</verticalSpan>
                        <columnIndex>0</columnIndex>
                        <rowIndex>3</rowIndex>
                        <LayoutInfo>
                            <objectName></objectName>
                            <className>GridCellInfo</className>
                        </LayoutInfo>
                    </info>
                </item>
                <item>
                    <window class="ProgressBar">
                        <orientation>horizontal</orientation>
                        <percentage>24</percentage>
                        <Window>
                            <text></text>
                            <size>
                                <x>128</x>
                                <y>40</y>
                            </size>
                            <position>
                                <x>36</x>
                                <y>228</y>
                            </position>
                            <isVisible>true</isVisible>
                            <isEnabled>true</isEnabled>
                            <Object>
                                <objectName></objectName>
                                <className>ProgressBar</className>
                            </Object>
                        </Window>
                    </window>
                    <info class="GridCellInfo">
                        <horizontalSpan>2</horizontalSpan>
                        <verticalSpan>1</verticalSpan>
                        <columnIndex>0</columnIndex>
                        <rowIndex>4</rowIndex>
                        <LayoutInfo>
                            <objectName></objectName>
                            <className>GridCellInfo</className>
                        </LayoutInfo>
                    </info>
                </item>
                <item>
                    <window class="ComboBox">
                        <strings>
                            <item>26361,25805</item>
                            <item>21525,24067</item>
                            <item>23385,26435</item>
                            <item>21016,22791</item>
                        </strings>
                        <Window>
                            <text></text>
                            <size>
                                <x>128</x>
                                <y>28</y>
                            </size>
                            <position>
                                <x>36</x>
                                <y>276</y>
                            </position>
                            <isVisible>true</isVisible>
                            <isEnabled>true</isEnabled>
                            <Object>
                                <objectName></objectName>
                                <className>ComboBox</className>
                            </Object>
                        </Window>
                    </window>
                    <info class="GridCellInfo">
                        <horizontalSpan>2</horizontalSpan>
                        <verticalSpan>1</verticalSpan>
                        <columnIndex>0</columnIndex>
                        <rowIndex>5</rowIndex>
                        <LayoutInfo>
                            <objectName></objectName>
                            <className>GridCellInfo</className>
                        </LayoutInfo>
                    </info>
                </item>
            </windows>
            <Layout>
                <spacing>4</spacing>
                <objectName></objectName>
                <className>GridLayout</className>
            </Layout>
        </Layout>
        <Window>
            <text></text>
            <size>
                <x>140</x>
                <y>280</y>
            </size>
            <position>
                <x>30</x>
                <y>30</y>
            </position>
            <isVisible>true</isVisible>
            <isEnabled>true</isEnabled>
            <Object>
                <objectName></objectName>
                <className>Panel</className>
            </Object>
        </Window>
    </Client>
    <Window>
        <text>66,71,69,31383,20307</text>
        <size>
            <x>200</x>
            <y>340</y>
        </size>
        <position>
            <x>0</x>
            <y>0</y>
        </position>
        <isVisible>true</isVisible>
        <isEnabled>true</isEnabled>
        <Object>
            <objectName></objectName>
            <className>FrameWindow</className>
        </Object>
    </Window>
</window>
