<window class="FrameWindow">
    <isMovable>true</isMovable>
    <Client class="Panel">
        <Layout class="Layout">
            <windows>
                <window class="Button">
                    <BasicButton>
                        <isToggleOn>false</isToggleOn>
                        <Window>
                            <text>24320,22987</text>
                            <size>
                                <x>60</x>
                                <y>40</y>
                            </size>
                            <position>
                                <x>46</x>
                                <y>46</y>
                            </position>
                            <isVisible>true</isVisible>
                            <isEnabled>true</isEnabled>
                            <Object>
                                <objectName>button1</objectName>
                                <className>Button</className>
                            </Object>
                        </Window>
                    </BasicButton>
                </window>
                <window class="Button">
                    <BasicButton>
                        <isToggleOn>false</isToggleOn>
                        <Window>
                            <text>20445,23384</text>
                            <size>
                                <x>60</x>
                                <y>40</y>
                            </size>
                            <position>
                                <x>114</x>
                                <y>46</y>
                            </position>
                            <isVisible>true</isVisible>
                            <isEnabled>true</isEnabled>
                            <Object>
                                <objectName>button2</objectName>
                                <className>Button</className>
                            </Object>
                        </Window>
                    </BasicButton>
                </window>
                <window class="Button">
                    <BasicButton>
                        <isToggleOn>false</isToggleOn>
                        <Window>
                            <text>25918,24323</text>
                            <size>
                                <x>60</x>
                                <y>40</y>
                            </size>
                            <position>
                                <x>46</x>
                                <y>94</y>
                            </position>
                            <isVisible>true</isVisible>
                            <isEnabled>true</isEnabled>
                            <Object>
                                <objectName>button3</objectName>
                                <className>Button</className>
                            </Object>
                        </Window>
                    </BasicButton>
                </window>
                <window class="Button">
                    <BasicButton>
                        <isToggleOn>false</isToggleOn>
                        <Window>
                            <text>36733,20837</text>
                            <size>
                                <x>60</x>
                                <y>40</y>
                            </size>
                            <position>
                                <x>114</x>
                                <y>94</y>
                            </position>
                            <isVisible>true</isVisible>
                            <isEnabled>true</isEnabled>
                            <Object>
                                <objectName>button4</objectName>
                                <className>Button</className>
                            </Object>
                        </Window>
                    </BasicButton>
                </window>
                <window class="EditField">
                    <caretPosition>5</caretPosition>
                    <selectionStart>-1</selectionStart>
                    <xOffset>0</xOffset>
                    <Window>
                        <text>21517,23558,22799,20399,28170</text>
                        <size>
                            <x>128</x>
                            <y>40</y>
                        </size>
                        <position>
                            <x>46</x>
                            <y>142</y>
                        </position>
                        <isVisible>true</isVisible>
                        <isEnabled>true</isEnabled>
                        <Object>
                            <objectName></objectName>
                            <className>EditField</className>
                        </Object>
                    </Window>
                </window>
                <window class="Slider">
                    <orientation>horizontal</orientation>
                    <tickPlacement>below</tickPlacement>
                    <Slideable>
                        <value>0</value>
                        <minimum>0</minimum>
                        <maximum>255</maximum>
                        <blockIncrement>64</blockIncrement>
                        <unitIncrement>1</unitIncrement>
                        <Window>
                            <text></text>
                            <size>
                                <x>128</x>
                                <y>40</y>
                            </size>
                            <position>
                                <x>46</x>
                                <y>190</y>
                            </position>
                            <isVisible>true</isVisible>
                            <isEnabled>true</isEnabled>
                            <Object>
                                <objectName></objectName>
                                <className>Slider</className>
                            </Object>
                        </Window>
                    </Slideable>
                </window>
                <window class="ProgressBar">
                    <orientation>horizontal</orientation>
                    <percentage>24</percentage>
                    <Window>
                        <text></text>
                        <size>
                            <x>128</x>
                            <y>40</y>
                        </size>
                        <position>
                            <x>46</x>
                            <y>238</y>
                        </position>
                        <isVisible>true</isVisible>
                        <isEnabled>true</isEnabled>
                        <Object>
                            <objectName></objectName>
                            <className>ProgressBar</className>
                        </Object>
                    </Window>
                </window>
                <window class="ComboBox">
                    <strings count="4">
                        <item>26361,25805</item>
                        <item>21525,24067</item>
                        <item>23385,26435</item>
                        <item>21016,22791</item>
                    </strings>
                    <Window>
                        <text></text>
                        <size>
                            <x>128</x>
                            <y>28</y>
                        </size>
                        <position>
                            <x>46</x>
                            <y>286</y>
                        </position>
                        <isVisible>true</isVisible>
                        <isEnabled>true</isEnabled>
                        <Object>
                            <objectName></objectName>
                            <className>ComboBox</className>
                        </Object>
                    </Window>
                </window>
            </windows>
            <spacing>4</spacing>
            <objectName></objectName>
            <className>GridLayout</className>
        </Layout>
        <Window>
            <text></text>
            <size>
                <x>140</x>
                <y>280</y>
            </size>
            <position>
                <x>40</x>
                <y>40</y>
            </position>
            <isVisible>true</isVisible>
            <isEnabled>true</isEnabled>
            <Object>
                <objectName></objectName>
                <className>Panel</className>
            </Object>
        </Window>
    </Client>
    <Window>
        <text>66,71,69,31383,20307</text>
        <size>
            <x>200</x>
            <y>340</y>
        </size>
        <position>
            <x>10</x>
            <y>10</y>
        </position>
        <isVisible>true</isVisible>
        <isEnabled>true</isEnabled>
        <Object>
            <objectName></objectName>
            <className>FrameWindow</className>
        </Object>
    </Window>
</window>
