<scheme>
    <ButtonDesc>
        <pressedDesc>
            <background class="SolidSurfaceDesc">
                <color>
                    <r>0.4</r>
                    <g>0.4</g>
                    <b>0.2</b>
                    <a>1</a>
                </color>
                <RenderDesc>
                    <Object>
                        <objectName></objectName>
                        <className>SolidSurfaceDesc</className>
                    </Object>
                </RenderDesc>
            </background>
            <border class="RectangleDesc">
                <color1>
                    <r>0.8</r>
                    <g>0.8</g>
                    <b>0.2</b>
                    <a>0.7</a>
                </color1>
                <color2>
                    <r>0</r>
                    <g>0</g>
                    <b>0</b>
                    <a>0.5</a>
                </color2>
                <style>dropped</style>
                <lineWidth>1</lineWidth>
                <RenderDesc>
                    <Object>
                        <objectName></objectName>
                        <className>RectangleDesc</className>
                    </Object>
                </RenderDesc>
            </border>
            <textDesc class="TextDesc">
                <fileName>simkai.ttf</fileName>
                <pixelHeight>14</pixelHeight>
                <xOffset>0</xOffset>
                <yOffset>0</yOffset>
                <margin>3</margin>
                <color>
                    <r>1</r>
                    <g>0.8</g>
                    <b>1</b>
                    <a>0.75</a>
                </color>
                <isMultiLine>false</isMultiLine>
                <horizontalAlignment>hCenter</horizontalAlignment>
                <verticalAlignment>vCenter</verticalAlignment>
                <RenderDesc>
                    <Object>
                        <objectName></objectName>
                        <className>TextDesc</className>
                    </Object>
                </RenderDesc>
            </textDesc>
            <RenderDesc>
                <Object>
                    <objectName></objectName>
                    <className>RenderDesc</className>
                </Object>
            </RenderDesc>
        </pressedDesc>
        <releasedDesc>
            <background class="SolidSurfaceDesc">
                <color>
                    <r>0.45</r>
                    <g>0.45</g>
                    <b>0.25</b>
                    <a>0.5</a>
                </color>
                <RenderDesc>
                    <Object>
                        <objectName></objectName>
                        <className>SolidSurfaceDesc</className>
                    </Object>
                </RenderDesc>
            </background>
            <border class="RectangleDesc">
                <color1>
                    <r>1</r>
                    <g>0.7</g>
                    <b>1</b>
                    <a>0.5</a>
                </color1>
                <color2>
                    <r>0</r>
                    <g>0</g>
                    <b>0</b>
                    <a>0.5</a>
                </color2>
                <style>raised</style>
                <lineWidth>1</lineWidth>
                <RenderDesc>
                    <Object>
                        <objectName></objectName>
                        <className>RectangleDesc</className>
                    </Object>
                </RenderDesc>
            </border>
            <textDesc class="TextDesc">
                <fileName>simkai.ttf</fileName>
                <pixelHeight>14</pixelHeight>
                <xOffset>0</xOffset>
                <yOffset>0</yOffset>
                <margin>3</margin>
                <color>
                    <r>1</r>
                    <g>1</g>
                    <b>1</b>
                    <a>0.75</a>
                </color>
                <isMultiLine>false</isMultiLine>
                <horizontalAlignment>hCenter</horizontalAlignment>
                <verticalAlignment>vCenter</verticalAlignment>
                <RenderDesc>
                    <Object>
                        <objectName></objectName>
                        <className>TextDesc</className>
                    </Object>
                </RenderDesc>
            </textDesc>
            <RenderDesc>
                <Object>
                    <objectName></objectName>
                    <className>RenderDesc</className>
                </Object>
            </RenderDesc>
        </releasedDesc>
        <rollOverDesc>
            <background class="SolidSurfaceDesc">
                <color>
                    <r>0.15</r>
                    <g>0.35</g>
                    <b>0.6</b>
                    <a>1</a>
                </color>
                <RenderDesc>
                    <Object>
                        <objectName></objectName>
                        <className>SolidSurfaceDesc</className>
                    </Object>
                </RenderDesc>
            </background>
            <border class="RectangleDesc">
                <color1>
                    <r>1</r>
                    <g>1</g>
                    <b>1</b>
                    <a>0.5</a>
                </color1>
                <color2>
                    <r>0</r>
                    <g>0</g>
                    <b>0</b>
                    <a>0.5</a>
                </color2>
                <style>raised</style>
                <lineWidth>1</lineWidth>
                <RenderDesc>
                    <Object>
                        <objectName></objectName>
                        <className>RectangleDesc</className>
                    </Object>
                </RenderDesc>
            </border>
            <textDesc class="TextDesc">
                <fileName>simkai.ttf</fileName>
                <pixelHeight>14</pixelHeight>
                <xOffset>0</xOffset>
                <yOffset>0</yOffset>
                <margin>3</margin>
                <color>
                    <r>1</r>
                    <g>1</g>
                    <b>1</b>
                    <a>0.75</a>
                </color>
                <isMultiLine>false</isMultiLine>
                <horizontalAlignment>hCenter</horizontalAlignment>
                <verticalAlignment>vCenter</verticalAlignment>
                <RenderDesc>
                    <Object>
                        <objectName></objectName>
                        <className>TextDesc</className>
                    </Object>
                </RenderDesc>
            </textDesc>
            <RenderDesc>
                <Object>
                    <objectName></objectName>
                    <className>RenderDesc</className>
                </Object>
            </RenderDesc>
        </rollOverDesc>
        <rollOverOnDesc>
            <background class="SolidSurfaceDesc">
                <color>
                    <r>0.25</r>
                    <g>0.35</g>
                    <b>0.55</b>
                    <a>1</a>
                </color>
                <RenderDesc>
                    <Object>
                        <objectName></objectName>
                        <className>SolidSurfaceDesc</className>
                    </Object>
                </RenderDesc>
            </background>
            <border class="RectangleDesc">
                <color1>
                    <r>1</r>
                    <g>1</g>
                    <b>1</b>
                    <a>0.5</a>
                </color1>
                <color2>
                    <r>0</r>
                    <g>0</g>
                    <b>0</b>
                    <a>0.5</a>
                </color2>
                <style>dropped</style>
                <lineWidth>1</lineWidth>
                <RenderDesc>
                    <Object>
                        <objectName></objectName>
                        <className>RectangleDesc</className>
                    </Object>
                </RenderDesc>
            </border>
            <textDesc class="TextDesc">
                <fileName>simkai.ttf</fileName>
                <pixelHeight>14</pixelHeight>
                <xOffset>0</xOffset>
                <yOffset>0</yOffset>
                <margin>3</margin>
                <color>
                    <r>1</r>
                    <g>1</g>
                    <b>1</b>
                    <a>0.75</a>
                </color>
                <isMultiLine>false</isMultiLine>
                <horizontalAlignment>hCenter</horizontalAlignment>
                <verticalAlignment>vCenter</verticalAlignment>
                <RenderDesc>
                    <Object>
                        <objectName></objectName>
                        <className>TextDesc</className>
                    </Object>
                </RenderDesc>
            </textDesc>
            <RenderDesc>
                <Object>
                    <objectName></objectName>
                    <className>RenderDesc</className>
                </Object>
            </RenderDesc>
        </rollOverOnDesc>
        <RenderDesc>
            <Object>
                <objectName></objectName>
                <className>BasicButtonDesc</className>
            </Object>
        </RenderDesc>
    </ButtonDesc>
    <PanelDesc>
        <background class="SolidSurfaceDesc">
            <color>
                <r>0.4</r>
                <g>0.4</g>
                <b>0.2</b>
                <a>0.75</a>
            </color>
            <RenderDesc>
                <Object>
                    <objectName></objectName>
                    <className>SolidSurfaceDesc</className>
                </Object>
            </RenderDesc>
        </background>
        <border class="RectangleDesc">
            <color1>
                <r>1</r>
                <g>1</g>
                <b>1</b>
                <a>0.5</a>
            </color1>
            <color2>
                <r>0</r>
                <g>0</g>
                <b>0</b>
                <a>0.5</a>
            </color2>
            <style>normal</style>
            <lineWidth>1</lineWidth>
            <RenderDesc>
                <Object>
                    <objectName></objectName>
                    <className>RectangleDesc</className>
                </Object>
            </RenderDesc>
        </border>
        <RenderDesc>
            <Object>
                <objectName></objectName>
                <className>RenderDesc</className>
            </Object>
        </RenderDesc>
    </PanelDesc>
    <EditFieldDesc>
        <background class="SolidSurfaceDesc">
            <color>
                <r>0.45</r>
                <g>0.45</g>
                <b>0.55</b>
                <a>0.36</a>
            </color>
            <RenderDesc>
                <Object>
                    <objectName></objectName>
                    <className>SolidSurfaceDesc</className>
                </Object>
            </RenderDesc>
        </background>
        <border class="RectangleDesc">
            <color1>
                <r>1</r>
                <g>1</g>
                <b>1</b>
                <a>0.5</a>
            </color1>
            <color2>
                <r>0</r>
                <g>0</g>
                <b>0</b>
                <a>0.5</a>
            </color2>
            <style>normal</style>
            <lineWidth>1</lineWidth>
            <RenderDesc>
                <Object>
                    <objectName></objectName>
                    <className>RectangleDesc</className>
                </Object>
            </RenderDesc>
        </border>
        <textDesc class="TextDesc">
            <fileName>simkai.ttf</fileName>
            <pixelHeight>14</pixelHeight>
            <xOffset>0</xOffset>
            <yOffset>0</yOffset>
            <margin>3</margin>
            <color>
                <r>0.9</r>
                <g>1</g>
                <b>1</b>
                <a>0.75</a>
            </color>
            <isMultiLine>false</isMultiLine>
            <horizontalAlignment>left</horizontalAlignment>
            <verticalAlignment>vCenter</verticalAlignment>
            <RenderDesc>
                <Object>
                    <objectName></objectName>
                    <className>TextDesc</className>
                </Object>
            </RenderDesc>
        </textDesc>
        <RenderDesc>
            <Object>
                <objectName></objectName>
                <className>RenderDesc</className>
            </Object>
        </RenderDesc>
    </EditFieldDesc>
    <ScrollBarDesc>
        <background class="SolidSurfaceDesc">
            <color>
                <r>0.35</r>
                <g>0.45</g>
                <b>0.35</b>
                <a>0.5</a>
            </color>
            <RenderDesc>
                <Object>
                    <objectName></objectName>
                    <className>SolidSurfaceDesc</className>
                </Object>
            </RenderDesc>
        </background>
        <border class="RectangleDesc">
            <color1>
                <r>1</r>
                <g>1</g>
                <b>1</b>
                <a>0.5</a>
            </color1>
            <color2>
                <r>0</r>
                <g>0</g>
                <b>0</b>
                <a>0.5</a>
            </color2>
            <style>normal</style>
            <lineWidth>1</lineWidth>
            <RenderDesc>
                <Object>
                    <objectName></objectName>
                    <className>RectangleDesc</className>
                </Object>
            </RenderDesc>
        </border>
        <width>16</width>
        <RenderDesc>
            <Object>
                <objectName></objectName>
                <className>RenderDesc</className>
            </Object>
        </RenderDesc>
    </ScrollBarDesc>
    <ListWindowDesc>
        <background class="SolidSurfaceDesc">
            <color>
                <r>0.35</r>
                <g>0.35</g>
                <b>0.35</b>
                <a>0.5</a>
            </color>
            <RenderDesc>
                <Object>
                    <objectName></objectName>
                    <className>SolidSurfaceDesc</className>
                </Object>
            </RenderDesc>
        </background>
        <border class="RectangleDesc">
            <color1>
                <r>1</r>
                <g>1</g>
                <b>1</b>
                <a>0.5</a>
            </color1>
            <color2>
                <r>0</r>
                <g>0</g>
                <b>0</b>
                <a>0.5</a>
            </color2>
            <style>normal</style>
            <lineWidth>1</lineWidth>
            <RenderDesc>
                <Object>
                    <objectName></objectName>
                    <className>RectangleDesc</className>
                </Object>
            </RenderDesc>
        </border>
        <textDesc class="TextDesc">
            <fileName>simkai.ttf</fileName>
            <pixelHeight>14</pixelHeight>
            <xOffset>0</xOffset>
            <yOffset>0</yOffset>
            <margin>3</margin>
            <color>
                <r>1</r>
                <g>1</g>
                <b>1</b>
                <a>0.75</a>
            </color>
            <isMultiLine>false</isMultiLine>
            <horizontalAlignment>hCenter</horizontalAlignment>
            <verticalAlignment>vCenter</verticalAlignment>
            <RenderDesc>
                <Object>
                    <objectName></objectName>
                    <className>TextDesc</className>
                </Object>
            </RenderDesc>
        </textDesc>
        <selectionColor>
            <r>0.65</r>
            <g>0.65</g>
            <b>0.85</b>
            <a>1</a>
        </selectionColor>
        <selectedTextColor>
            <r>0.35</r>
            <g>0.35</g>
            <b>0.35</b>
            <a>1</a>
        </selectedTextColor>
        <highlightColor>
            <r>0.5</r>
            <g>0.5</g>
            <b>0.65</b>
            <a>0.4</a>
        </highlightColor>
        <highlightedTextColor>
            <r>0.65</r>
            <g>0.65</g>
            <b>0.85</b>
            <a>1</a>
        </highlightedTextColor>
        <RenderDesc>
            <Object>
                <objectName></objectName>
                <className>RenderDesc</className>
            </Object>
        </RenderDesc>
    </ListWindowDesc>
    <ListControlDesc>
        <separatorWidth>1</separatorWidth>
        <separatorColor>
            <r>1</r>
            <g>1</g>
            <b>1</b>
            <a>0.75</a>
        </separatorColor>
        <ListWindowDesc>
            <ListWindowDesc>
                <background class="SolidSurfaceDesc">
                    <color>
                        <r>0.35</r>
                        <g>0.35</g>
                        <b>0.35</b>
                        <a>0.5</a>
                    </color>
                    <RenderDesc>
                        <Object>
                            <objectName></objectName>
                            <className>SolidSurfaceDesc</className>
                        </Object>
                    </RenderDesc>
                </background>
                <border class="RectangleDesc">
                    <color1>
                        <r>1</r>
                        <g>1</g>
                        <b>1</b>
                        <a>0.5</a>
                    </color1>
                    <color2>
                        <r>0</r>
                        <g>0</g>
                        <b>0</b>
                        <a>0.5</a>
                    </color2>
                    <style>normal</style>
                    <lineWidth>1</lineWidth>
                    <RenderDesc>
                        <Object>
                            <objectName></objectName>
                            <className>RectangleDesc</className>
                        </Object>
                    </RenderDesc>
                </border>
                <textDesc class="TextDesc">
                    <fileName>simkai.ttf</fileName>
                    <pixelHeight>14</pixelHeight>
                    <xOffset>0</xOffset>
                    <yOffset>0</yOffset>
                    <margin>3</margin>
                    <color>
                        <r>1</r>
                        <g>1</g>
                        <b>1</b>
                        <a>0.75</a>
                    </color>
                    <isMultiLine>false</isMultiLine>
                    <horizontalAlignment>hCenter</horizontalAlignment>
                    <verticalAlignment>vCenter</verticalAlignment>
                    <RenderDesc>
                        <Object>
                            <objectName></objectName>
                            <className>TextDesc</className>
                        </Object>
                    </RenderDesc>
                </textDesc>
                <selectionColor>
                    <r>0.65</r>
                    <g>0.65</g>
                    <b>0.85</b>
                    <a>1</a>
                </selectionColor>
                <selectedTextColor>
                    <r>0.35</r>
                    <g>0.35</g>
                    <b>0.35</b>
                    <a>1</a>
                </selectedTextColor>
                <highlightColor>
                    <r>0.5</r>
                    <g>0.5</g>
                    <b>0.65</b>
                    <a>0.4</a>
                </highlightColor>
                <highlightedTextColor>
                    <r>0.65</r>
                    <g>0.65</g>
                    <b>0.85</b>
                    <a>1</a>
                </highlightedTextColor>
                <RenderDesc>
                    <Object>
                        <objectName></objectName>
                        <className>RenderDesc</className>
                    </Object>
                </RenderDesc>
            </ListWindowDesc>
        </ListWindowDesc>
    </ListControlDesc>
    <ProgressBarDesc>
        <horzEmptyDesc class="SolidSurfaceDesc">
            <color>
                <r>1</r>
                <g>0</g>
                <b>0</b>
                <a>0.5</a>
            </color>
            <RenderDesc>
                <Object>
                    <objectName></objectName>
                    <className>SolidSurfaceDesc</className>
                </Object>
            </RenderDesc>
        </horzEmptyDesc>
        <horzFullDesc class="SolidSurfaceDesc">
            <color>
                <r>0</r>
                <g>1</g>
                <b>0</b>
                <a>0.5</a>
            </color>
            <RenderDesc>
                <Object>
                    <objectName></objectName>
                    <className>SolidSurfaceDesc</className>
                </Object>
            </RenderDesc>
        </horzFullDesc>
        <vertEmptyDesc class="SolidSurfaceDesc">
            <color>
                <r>1</r>
                <g>0</g>
                <b>0</b>
                <a>0.5</a>
            </color>
            <RenderDesc>
                <Object>
                    <objectName></objectName>
                    <className>SolidSurfaceDesc</className>
                </Object>
            </RenderDesc>
        </vertEmptyDesc>
        <border class="RectangleDesc">
            <color1>
                <r>1</r>
                <g>1</g>
                <b>1</b>
                <a>0.5</a>
            </color1>
            <color2>
                <r>0</r>
                <g>0</g>
                <b>0</b>
                <a>0.5</a>
            </color2>
            <style>normal</style>
            <lineWidth>1</lineWidth>
            <RenderDesc>
                <Object>
                    <objectName></objectName>
                    <className>RectangleDesc</className>
                </Object>
            </RenderDesc>
        </border>
        <RenderDesc>
            <Object>
                <objectName></objectName>
                <className>RenderDesc</className>
            </Object>
        </RenderDesc>
    </ProgressBarDesc>
    <CheckDesc>
        <unchecked class="RectangleDesc">
            <color1>
                <r>1</r>
                <g>1</g>
                <b>1</b>
                <a>0.5</a>
            </color1>
            <color2>
                <r>0</r>
                <g>0</g>
                <b>0</b>
                <a>0.5</a>
            </color2>
            <style>normal</style>
            <lineWidth>1</lineWidth>
            <RenderDesc>
                <Object>
                    <objectName></objectName>
                    <className>RectangleDesc</className>
                </Object>
            </RenderDesc>
        </unchecked>
        <checked class="DefaultCheckDesc">
            <color>
                <r>1</r>
                <g>1</g>
                <b>1</b>
                <a>0.75</a>
            </color>
            <RenderDesc>
                <Object>
                    <objectName></objectName>
                    <className>DefaultCheckDesc</className>
                </Object>
            </RenderDesc>
        </checked>
        <RenderDesc>
            <Object>
                <objectName></objectName>
                <className>CheckBoxDesc</className>
            </Object>
        </RenderDesc>
    </CheckDesc>
    <SliderDesc>
        <background class="SolidSurfaceDesc">
            <color>
                <r>0.35</r>
                <g>0.35</g>
                <b>0.35</b>
                <a>0.5</a>
            </color>
            <RenderDesc>
                <Object>
                    <objectName></objectName>
                    <className>SolidSurfaceDesc</className>
                </Object>
            </RenderDesc>
        </background>
        <border class="RectangleDesc">
            <color1>
                <r>1</r>
                <g>1</g>
                <b>1</b>
                <a>0.5</a>
            </color1>
            <color2>
                <r>0</r>
                <g>0</g>
                <b>0</b>
                <a>0.5</a>
            </color2>
            <style>normal</style>
            <lineWidth>1</lineWidth>
            <RenderDesc>
                <Object>
                    <objectName></objectName>
                    <className>RectangleDesc</className>
                </Object>
            </RenderDesc>
        </border>
        <tickColor>
            <r>1</r>
            <g>1</g>
            <b>1</b>
            <a>0.75</a>
        </tickColor>
        <tickWidth>1</tickWidth>
        <RenderDesc>
            <Object>
                <objectName></objectName>
                <className>RenderDesc</className>
            </Object>
        </RenderDesc>
    </SliderDesc>
    <FrameWindowDesc>
        <topLeftDesc class="DefaultFrameDesc">
            <section>topLeft</section>
            <foregroundColor>
                <r>0.6</r>
                <g>1</g>
                <b>1</b>
                <a>0.75</a>
            </foregroundColor>
            <backgroundColor>
                <r>0.35</r>
                <g>0.45</g>
                <b>0.35</b>
                <a>0.5</a>
            </backgroundColor>
            <borderLineWidth>5</borderLineWidth>
            <RenderDesc>
                <Object>
                    <objectName></objectName>
                    <className>DefaultFrameDesc</className>
                </Object>
            </RenderDesc>
        </topLeftDesc>
        <titleDesc class="DefaultFrameDesc">
            <section>title</section>
            <foregroundColor>
                <r>1</r>
                <g>1</g>
                <b>0.2</b>
                <a>1</a>
            </foregroundColor>
            <backgroundColor>
                <r>0.35</r>
                <g>0.35</g>
                <b>0.35</b>
                <a>0.5</a>
            </backgroundColor>
            <borderLineWidth>5</borderLineWidth>
            <RenderDesc>
                <Object>
                    <objectName></objectName>
                    <className>DefaultFrameDesc</className>
                </Object>
            </RenderDesc>
        </titleDesc>
        <topDesc class="DefaultFrameDesc">
            <section>top</section>
            <foregroundColor>
                <r>1</r>
                <g>1</g>
                <b>1</b>
                <a>0.75</a>
            </foregroundColor>
            <backgroundColor>
                <r>0.35</r>
                <g>0.35</g>
                <b>0.35</b>
                <a>0.5</a>
            </backgroundColor>
            <borderLineWidth>5</borderLineWidth>
            <RenderDesc>
                <Object>
                    <objectName></objectName>
                    <className>DefaultFrameDesc</className>
                </Object>
            </RenderDesc>
        </topDesc>
        <topRightDesc class="DefaultFrameDesc">
            <section>topRight</section>
            <foregroundColor>
                <r>1</r>
                <g>1</g>
                <b>1</b>
                <a>0.75</a>
            </foregroundColor>
            <backgroundColor>
                <r>0.35</r>
                <g>0.35</g>
                <b>0.35</b>
                <a>0.5</a>
            </backgroundColor>
            <borderLineWidth>5</borderLineWidth>
            <RenderDesc>
                <Object>
                    <objectName></objectName>
                    <className>DefaultFrameDesc</className>
                </Object>
            </RenderDesc>
        </topRightDesc>
        <rightDesc class="DefaultFrameDesc">
            <section>right</section>
            <foregroundColor>
                <r>1</r>
                <g>1</g>
                <b>1</b>
                <a>0.75</a>
            </foregroundColor>
            <backgroundColor>
                <r>0.35</r>
                <g>0.35</g>
                <b>0.35</b>
                <a>0.5</a>
            </backgroundColor>
            <borderLineWidth>5</borderLineWidth>
            <RenderDesc>
                <Object>
                    <objectName></objectName>
                    <className>DefaultFrameDesc</className>
                </Object>
            </RenderDesc>
        </rightDesc>
        <bottomRightDesc class="DefaultFrameDesc">
            <section>bottomRight</section>
            <foregroundColor>
                <r>1</r>
                <g>1</g>
                <b>1</b>
                <a>0.75</a>
            </foregroundColor>
            <backgroundColor>
                <r>0.35</r>
                <g>0.35</g>
                <b>0.35</b>
                <a>0.5</a>
            </backgroundColor>
            <borderLineWidth>5</borderLineWidth>
            <RenderDesc>
                <Object>
                    <objectName></objectName>
                    <className>DefaultFrameDesc</className>
                </Object>
            </RenderDesc>
        </bottomRightDesc>
        <bottomDesc_ class="DefaultFrameDesc">
            <section>bottom</section>
            <foregroundColor>
                <r>1</r>
                <g>1</g>
                <b>1</b>
                <a>0.75</a>
            </foregroundColor>
            <backgroundColor>
                <r>0.35</r>
                <g>0.35</g>
                <b>0.35</b>
                <a>0.5</a>
            </backgroundColor>
            <borderLineWidth>5</borderLineWidth>
            <RenderDesc>
                <Object>
                    <objectName></objectName>
                    <className>DefaultFrameDesc</className>
                </Object>
            </RenderDesc>
        </bottomDesc_>
        <bottomLeftDesc class="DefaultFrameDesc">
            <section>bottomLeft</section>
            <foregroundColor>
                <r>1</r>
                <g>1</g>
                <b>1</b>
                <a>0.75</a>
            </foregroundColor>
            <backgroundColor>
                <r>0.35</r>
                <g>0.35</g>
                <b>0.35</b>
                <a>0.5</a>
            </backgroundColor>
            <borderLineWidth>5</borderLineWidth>
            <RenderDesc>
                <Object>
                    <objectName></objectName>
                    <className>DefaultFrameDesc</className>
                </Object>
            </RenderDesc>
        </bottomLeftDesc>
        <leftDesc class="DefaultFrameDesc">
            <section>left</section>
            <foregroundColor>
                <r>1</r>
                <g>1</g>
                <b>1</b>
                <a>0.75</a>
            </foregroundColor>
            <backgroundColor>
                <r>0.35</r>
                <g>0.35</g>
                <b>0.35</b>
                <a>0.5</a>
            </backgroundColor>
            <borderLineWidth>5</borderLineWidth>
            <RenderDesc>
                <Object>
                    <objectName></objectName>
                    <className>DefaultFrameDesc</className>
                </Object>
            </RenderDesc>
        </leftDesc>
        <textDesc class="TextDesc">
            <fileName>simkai.ttf</fileName>
            <pixelHeight>18</pixelHeight>
            <xOffset>0</xOffset>
            <yOffset>0</yOffset>
            <margin>0</margin>
            <color>
                <r>0</r>
                <g>0</g>
                <b>0.3</b>
                <a>1</a>
            </color>
            <isMultiLine>false</isMultiLine>
            <horizontalAlignment>hCenter</horizontalAlignment>
            <verticalAlignment>vCenter</verticalAlignment>
            <RenderDesc>
                <Object>
                    <objectName></objectName>
                    <className>TextDesc</className>
                </Object>
            </RenderDesc>
        </textDesc>
        <topBorderWidth>30</topBorderWidth>
        <leftBorderWidth>30</leftBorderWidth>
        <rightBorderWidth>30</rightBorderWidth>
        <bottomBorderWidth>30</bottomBorderWidth>
        <RenderDesc>
            <Object>
                <objectName></objectName>
                <className>RenderDesc</className>
            </Object>
        </RenderDesc>
    </FrameWindowDesc>
    <StaticTextDesc>
        <background class="SolidSurfaceDesc">
            <color>
                <r>0.35</r>
                <g>0.35</g>
                <b>0.35</b>
                <a>0.5</a>
            </color>
            <RenderDesc>
                <Object>
                    <objectName></objectName>
                    <className>SolidSurfaceDesc</className>
                </Object>
            </RenderDesc>
        </background>
        <border class="RectangleDesc">
            <color1>
                <r>1</r>
                <g>1</g>
                <b>1</b>
                <a>0.5</a>
            </color1>
            <color2>
                <r>0</r>
                <g>0</g>
                <b>0</b>
                <a>0.5</a>
            </color2>
            <style>normal</style>
            <lineWidth>1</lineWidth>
            <RenderDesc>
                <Object>
                    <objectName></objectName>
                    <className>RectangleDesc</className>
                </Object>
            </RenderDesc>
        </border>
        <textDesc class="TextDesc">
            <fileName>simkai.ttf</fileName>
            <pixelHeight>14</pixelHeight>
            <xOffset>0</xOffset>
            <yOffset>0</yOffset>
            <margin>3</margin>
            <color>
                <r>1</r>
                <g>1</g>
                <b>1</b>
                <a>0.75</a>
            </color>
            <isMultiLine>false</isMultiLine>
            <horizontalAlignment>hCenter</horizontalAlignment>
            <verticalAlignment>vCenter</verticalAlignment>
            <RenderDesc>
                <Object>
                    <objectName></objectName>
                    <className>TextDesc</className>
                </Object>
            </RenderDesc>
        </textDesc>
        <RenderDesc>
            <Object>
                <objectName></objectName>
                <className>RenderDesc</className>
            </Object>
        </RenderDesc>
    </StaticTextDesc>
    <ComboBoxDesc>
        <background class="SolidSurfaceDesc">
            <color>
                <r>0.35</r>
                <g>0.35</g>
                <b>0.35</b>
                <a>0.5</a>
            </color>
            <RenderDesc>
                <Object>
                    <objectName></objectName>
                    <className>SolidSurfaceDesc</className>
                </Object>
            </RenderDesc>
        </background>
        <border class="RectangleDesc">
            <color1>
                <r>1</r>
                <g>1</g>
                <b>1</b>
                <a>0.5</a>
            </color1>
            <color2>
                <r>0</r>
                <g>0</g>
                <b>0</b>
                <a>0.5</a>
            </color2>
            <style>normal</style>
            <lineWidth>1</lineWidth>
            <RenderDesc>
                <Object>
                    <objectName></objectName>
                    <className>RectangleDesc</className>
                </Object>
            </RenderDesc>
        </border>
        <textDesc class="TextDesc">
            <fileName>simkai.ttf</fileName>
            <pixelHeight>14</pixelHeight>
            <xOffset>0</xOffset>
            <yOffset>0</yOffset>
            <margin>3</margin>
            <color>
                <r>1</r>
                <g>1</g>
                <b>1</b>
                <a>0.75</a>
            </color>
            <isMultiLine>false</isMultiLine>
            <horizontalAlignment>hCenter</horizontalAlignment>
            <verticalAlignment>vCenter</verticalAlignment>
            <RenderDesc>
                <Object>
                    <objectName></objectName>
                    <className>TextDesc</className>
                </Object>
            </RenderDesc>
        </textDesc>
        <RenderDesc>
            <Object>
                <objectName></objectName>
                <className>RenderDesc</className>
            </Object>
        </RenderDesc>
    </ComboBoxDesc>
</scheme>
