<StaticTextDesc>
    <background class="SolidSurfaceDesc">
        <color>
            <r>0.5</r>
            <g>0.5</g>
            <b>0.7</b>
            <a>0.8</a>
        </color>
        <RenderDesc>
            <Object>
                <objectName></objectName>
                <className>SolidSurfaceDesc</className>
            </Object>
        </RenderDesc>
    </background>
    <border class="RectangleDesc">
        <color1>
            <r>0.2</r>
            <g>0.2</g>
            <b>1</b>
            <a>0.8</a>
        </color1>
        <color2>
            <r>0</r>
            <g>0.6</g>
            <b>0.6</b>
            <a>0.8</a>
        </color2>
        <style>normal</style>
        <lineWidth>1</lineWidth>
        <RenderDesc>
            <Object>
                <objectName></objectName>
                <className>RectangleDesc</className>
            </Object>
        </RenderDesc>
    </border>
    <textDesc class="TextDesc">
        <fileName>simkai.ttf</fileName>
        <pixelHeight>12</pixelHeight>
        <xOffset>0</xOffset>
        <yOffset>0</yOffset>
        <margin>3</margin>
        <color>
            <r>1</r>
            <g>1</g>
            <b>1</b>
            <a>0.75</a>
        </color>
        <isMultiLine>false</isMultiLine>
        <horizontalAlignment>hCenter</horizontalAlignment>
        <verticalAlignment>vCenter</verticalAlignment>
        <RenderDesc>
            <Object>
                <objectName></objectName>
                <className>TextDesc</className>
            </Object>
        </RenderDesc>
    </textDesc>
    <RenderDesc>
        <Object>
            <objectName></objectName>
            <className>RenderDesc</className>
        </Object>
    </RenderDesc>
</StaticTextDesc>
   