<TableWidgetDesc class="TableWidgetDesc">
<separatorWidth>1</separatorWidth>
<separatorColor>
<r>0.3</r>
<g>0.3</g>
<b>1</b>
<a>1</a>
</separatorColor>
<ListWindowDesc>
<ListWindowDesc>
<background class="SolidSurfaceDesc">
<color>
<r>0.6</r>
<g>0.3</g>
<b>0.6</b>
<a>1</a>
</color>
<RenderDesc>
<Object>
<objectName></objectName>
<className>SolidSurfaceDesc</className>
</Object>
</RenderDesc>
</background>
<border class="RectangleDesc">
<color1>
<r>0.8</r>
<g>0.0</g>
<b>0.6</b>
<a>0.9</a>
</color1>
<color2>
<r>0</r>
<g>0.2</g>
<b>0.2</b>
<a>0.9</a>
</color2>
<style>normal</style>
<lineWidth>1</lineWidth>
<RenderDesc>
<Object>
<objectName></objectName>
<className>RectangleDesc</className>
</Object>
</RenderDesc>
</border>
<textDesc class="TextDesc">
<fileName>simkai.ttf</fileName>
<pixelHeight>14</pixelHeight>
<xOffset>0</xOffset>
<yOffset>0</yOffset>
<margin>3</margin>
<color>
<r>1</r>
<g>0.1</g>
<b>1</b>
<a>0.75</a>
</color>
<isMultiLine>false</isMultiLine>
<horizontalAlignment>hCenter</horizontalAlignment>
<verticalAlignment>vCenter</verticalAlignment>
<RenderDesc>
<Object>
<objectName></objectName>
<className>TextDesc</className>
</Object>
</RenderDesc>
</textDesc>
<selectionColor>
<r>0.6</r>
<g>0.9</g>
<b>0.9</b>
<a>1</a>
</selectionColor>
<selectedTextColor>
<r>0.3</r>
<g>0.6</g>
<b>0.9</b>
<a>1</a>
</selectedTextColor>
<highlightColor>
<r>0.6</r>
<g>0.6</g>
<b>0.4</b>
<a>0.9</a>
</highlightColor>
<highlightedTextColor>
<r>0.8</r>
<g>0.8</g>
<b>0.1</b>
<a>1</a>
</highlightedTextColor>
<RenderDesc>
<Object>
<objectName></objectName>
<className>RenderDesc</className>
</Object>
</RenderDesc>
</ListWindowDesc>
</ListWindowDesc>
</TableWidgetDesc>