<window class="TableWidget">
    <columnWidths>
        <item>72</item>
        <item>60</item>
        <item>60</item>
        <item>60</item>
        <item>60</item>
        <item>60</item>
    </columnWidths>
    <data>
        <row>
            <item>21525,24067</item>
            <item>56,57</item>
            <item>49,48,56</item>
            <item>51,52</item>
            <item>52,54</item>
            <item>54,56</item>
        </row>
        <row>
            <item>20851,32701</item>
            <item>57,48</item>
            <item>49,48,48</item>
            <item>55,50</item>
            <item>55,48</item>
            <item>55,54</item>
        </row>
        <row>
            <item>24352,32764,24503</item>
            <item>56,54</item>
            <item>49,48,50</item>
            <item>51,54</item>
            <item>54,50</item>
            <item>52,57</item>
        </row>
        <row>
            <item>24352,25991,36828</item>
            <item>57,50</item>
            <item>57,51</item>
            <item>55,52</item>
            <item>55,48</item>
            <item>55,51</item>
        </row>
        <row>
            <item>35832,33883,20142</item>
            <item>57,48</item>
            <item>49,48,48</item>
            <item>53,57</item>
            <item>57,50</item>
            <item>57,51</item>
        </row>
    </data>
    <ListWindow>
        <selectedIndex>-1</selectedIndex>
        <highlightedIndex>-1</highlightedIndex>
        <lineHeightFactor>1.325</lineHeightFactor>
        <Window>
            <text></text>
            <size>
                <x>390</x>
                <y>136</y>
            </size>
            <position>
                <x>20</x>
                <y>20</y>
            </position>
            <isVisible>true</isVisible>
            <isEnabled>true</isEnabled>
            <Object>
                <objectName></objectName>
                <className>TableWidget</className>
            </Object>
        </Window>
    </ListWindow>
</window>
